DBSCAN_Cluster,Age,income,spending_score
-1,39.31428571428572,63.58095238095238,40.84761904761905
0,24.0,20.4,75.0
1,25.4,23.6,74.6
2,49.72222222222222,53.388888888888886,50.333333333333336
3,25.444444444444443,53.888888888888886,48.27777777777778
4,57.4,52.06666666666667,48.86666666666667
5,22.857142857142858,61.0,50.42857142857143
6,66.5,62.75,50.5
7,31.470588235294116,80.47058823529412,81.82352941176471
8,36.666666666666664,76.33333333333333,91.5
